# source_page	target	reason	branch	measure
# page-map v2 - GENERATED by page-structure-advice.py v1.3.0; the Markdown report is its rendering.
# branch: spec 9e routing branch 1-4; 5 = RETIRED (non-authoritative guide tree, not migrated).
index.md	input/pagecontent/index.md	an agreed page already owns the concern	3	agreed page named 'index' exists in the target
module-description.md	input/pagecontent/module-description.md	an agreed page already owns the concern	3	agreed page named 'module-description' exists in the target
project-context.md	input/pagecontent/project-context.md	an agreed page already owns the concern	3	agreed page named 'project-context' exists in the target
use-cases.md	input/pagecontent/use-cases.md	an agreed page already owns the concern	3	agreed page named 'use-cases' exists in the target
datasets-and-descriptions.md	input/pagecontent/datasets-and-descriptions.md	an agreed page already owns the concern	3	agreed page named 'datasets-and-descriptions' exists in the target
uml-diagrams.md	input/pagecontent/uml-diagrams.md	an agreed page already owns the concern	3	agreed page named 'uml-diagrams' exists in the target
technical-implementation.md	input/pagecontent/technical-implementation.md	an agreed page already owns the concern	3	agreed page named 'technical-implementation' exists in the target
workflows.md	input/pagecontent/workflows.md	an agreed page already owns the concern	3	agreed page named 'workflows' exists in the target
scoring.md	input/pagecontent/scoring.md	an agreed page already owns the concern	3	agreed page named 'scoring' exists in the target
id-systematics.md	input/pagecontent/id-systematics.md	an agreed page already owns the concern	3	agreed page named 'id-systematics' exists in the target
terminology-strategies.md	input/pagecontent/terminology-strategies.md	an agreed page already owns the concern	3	agreed page named 'terminology-strategies' exists in the target
questionnaire-capabilities.md	input/pagecontent/questionnaire-capabilities.md	an agreed page already owns the concern	3	agreed page named 'questionnaire-capabilities' exists in the target
validation.md	input/pagecontent/validation.md	an agreed page already owns the concern	3	agreed page named 'validation' exists in the target
pro-library.md	input/pagecontent/pro-library.md	an agreed page already owns the concern	3	agreed page named 'pro-library' exists in the target
phq-9.md	input/pagecontent/phq-9.md	an agreed page already owns the concern	3	agreed page named 'phq-9' exists in the target
phq-15.md	input/pagecontent/phq-15.md	an agreed page already owns the concern	3	agreed page named 'phq-15' exists in the target
eq-5d-5l.md	input/pagecontent/eq-5d-5l.md	an agreed page already owns the concern	3	agreed page named 'eq-5d-5l' exists in the target
eq-5d-5l-scores.md	input/pagecontent/eq-5d-5l-scores.md	an agreed page already owns the concern	3	agreed page named 'eq-5d-5l-scores' exists in the target
eortc-qlq-c30.md	input/pagecontent/eortc-qlq-c30.md	an agreed page already owns the concern	3	agreed page named 'eortc-qlq-c30' exists in the target
eortc-qlq-c30-scoring.md	input/pagecontent/eortc-qlq-c30-scoring.md	an agreed page already owns the concern	3	agreed page named 'eortc-qlq-c30-scoring' exists in the target
promis.md	input/pagecontent/promis.md	an agreed page already owns the concern	3	agreed page named 'promis' exists in the target
promis-29.md	input/pagecontent/promis-29.md	an agreed page already owns the concern	3	agreed page named 'promis-29' exists in the target
promis-16.md	input/pagecontent/promis-16.md	an agreed page already owns the concern	3	agreed page named 'promis-16' exists in the target
promis-depression.md	input/pagecontent/promis-depression.md	an agreed page already owns the concern	3	agreed page named 'promis-depression' exists in the target
bdi-ii.md	input/pagecontent/bdi-ii.md	an agreed page already owns the concern	3	agreed page named 'bdi-ii' exists in the target
dass-21.md	input/pagecontent/dass-21.md	an agreed page already owns the concern	3	agreed page named 'dass-21' exists in the target
midos2.md	input/pagecontent/midos2.md	an agreed page already owns the concern	3	agreed page named 'midos2' exists in the target
proms-onkologisches-basisscreening.md	input/pagecontent/proms-onkologisches-basisscreening.md	an agreed page already owns the concern	3	agreed page named 'proms-onkologisches-basisscreening' exists in the target
whodas.md	input/pagecontent/whodas.md	an agreed page already owns the concern	3	agreed page named 'whodas' exists in the target
scoff.md	input/pagecontent/scoff.md	an agreed page already owns the concern	3	agreed page named 'scoff' exists in the target
wi-7.md	input/pagecontent/wi-7.md	an agreed page already owns the concern	3	agreed page named 'wi-7' exists in the target
pc-ptsd.md	input/pagecontent/pc-ptsd.md	an agreed page already owns the concern	3	agreed page named 'pc-ptsd' exists in the target
ssd-12.md	input/pagecontent/ssd-12.md	an agreed page already owns the concern	3	agreed page named 'ssd-12' exists in the target
isr-z.md	input/pagecontent/isr-z.md	an agreed page already owns the concern	3	agreed page named 'isr-z' exists in the target
euronet-soma.md	input/pagecontent/euronet-soma.md	an agreed page already owns the concern	3	agreed page named 'euronet-soma' exists in the target
gad-7.md	input/pagecontent/gad-7.md	an agreed page already owns the concern	3	agreed page named 'gad-7' exists in the target
minimal-reference-questionnaires.md	input/pagecontent/minimal-reference-questionnaires.md	an agreed page already owns the concern	3	agreed page named 'minimal-reference-questionnaires' exists in the target
domain-based-scoring.md	input/pagecontent/domain-based-scoring.md	an agreed page already owns the concern	3	agreed page named 'domain-based-scoring' exists in the target
domains.md	input/pagecontent/domains.md	an agreed page already owns the concern	3	agreed page named 'domains' exists in the target
cross-instrument-mappings.md	input/pagecontent/cross-instrument-mappings.md	an agreed page already owns the concern	3	agreed page named 'cross-instrument-mappings' exists in the target
derived-metrics.md	input/pagecontent/derived-metrics.md	an agreed page already owns the concern	3	agreed page named 'derived-metrics' exists in the target
references.md	input/pagecontent/references.md	an agreed page already owns the concern	3	agreed page named 'references' exists in the target
changes.md	input/pagecontent/changes.md	an agreed page already owns the concern	3	agreed page named 'changes' exists in the target
downloads.md	input/pagecontent/downloads.md	an agreed page already owns the concern	3	agreed page named 'downloads' exists in the target
translationinfo.md	input/pagecontent/translationinfo.md	an agreed page already owns the concern	3	agreed page named 'translationinfo' exists in the target
MIIIGModulPRO/Index.page.md	input/pagecontent/index.md	an agreed page already owns the concern	3	agreed page named 'index' exists in the target
MIIIGModulPRO/Beschreibung-Modul-PROs.page.md	input/pagecontent/index.md	semantic home per references/routing-table.tsv	3	semantic match 'beschreibungmodul' -> index (routing-table)
MIIIGModulPRO/Kontext-im-Gesamtprojekt-Bezuege-zu-anderen-Modulen.page.md	input/pagecontent/implementer-guidance.md	semantic home per references/routing-table.tsv	3	semantic match 'kontextimgesamtprojekt' -> implementer-guidance (routing-table)
MIIIGModulPRO/Referenzen.page.md	input/pagecontent/implementer-guidance.md	semantic home per references/routing-table.tsv	3	semantic match 'referenzen' -> implementer-guidance (routing-table)
MIIIGModulPRO/Release-Notes.page.md	input/pagecontent/changes.md	semantic home per references/routing-table.tsv	3	semantic match 'releasenotes' -> changes (routing-table)
MIIIGModulPRO/Anwendungsfaelle-Informationsmodell/Index.page.md	input/pagecontent/anwendungsfaelle-informationsmodell.md	cross-cutting narrative - own page (hub, pages:-nested)	4	no artefact anchor; no agreed page; 3 child page(s)
MIIIGModulPRO/Anwendungsfaelle-Informationsmodell/Beschreibung-von-Anwendungsfaellen.page.md	input/pagecontent/guidance.md	semantic home per references/routing-table.tsv	3	semantic match 'anwendungsfaelle' -> guidance (routing-table)
MIIIGModulPRO/Anwendungsfaelle-Informationsmodell/Datensaetze-inkl-Beschreibungen.page.md	input/pagecontent/logical-models.md	semantic home per references/routing-table.tsv	3	semantic match 'datensaetze' -> logical-models (routing-table)
MIIIGModulPRO/Anwendungsfaelle-Informationsmodell/UML.page.md	input/pagecontent/uml-diagrams.md	semantic home per references/routing-table.tsv	3	semantic match 'uml' -> uml-diagrams (routing-table)
MIIIGModulPRO/Technische-Implementierung/Index.page.md	input/pagecontent/technische-implementierung.md	cross-cutting narrative - own page (hub, pages:-nested)	4	no artefact anchor; no agreed page; 7 child page(s)
MIIIGModulPRO/Technische-Implementierung/Workflows.page.md	input/pagecontent/workflows.md	an agreed page already owns the concern	3	agreed page named 'workflows' exists in the target
MIIIGModulPRO/Technische-Implementierung/Scoring.page.md	input/pagecontent/scoring.md	an agreed page already owns the concern	3	agreed page named 'scoring' exists in the target
MIIIGModulPRO/Technische-Implementierung/ID-Systematik.page.md	input/pagecontent/id-systematik.md	cross-cutting narrative - own page (merged prose, pages:-nested)	4	no artefact anchor; no agreed page; 0 child page(s)
MIIIGModulPRO/Technische-Implementierung/Terminologie-Strategien.page.md	input/pagecontent/terminologie-strategien.md	cross-cutting narrative - own page (merged prose, pages:-nested)	4	no artefact anchor; no agreed page; 0 child page(s)
MIIIGModulPRO/Technische-Implementierung/Validierung.page.md	input/pagecontent/validierung.md	cross-cutting narrative - own page (merged prose, pages:-nested)	4	no artefact anchor; no agreed page; 0 child page(s)
MIIIGModulPRO/Technische-Implementierung/QuestionnaireCapabilites.page.md	input/pagecontent/questionnairecapabilites.md	cross-cutting narrative - own page (merged prose, pages:-nested)	4	no artefact anchor; no agreed page; 0 child page(s)
MIIIGModulPRO/Technische-Implementierung/FHIR-Profile/Extension-Capabilities.page.md	input/intro-notes/StructureDefinition-mii-ex-pro-questionnaire-capabilities-intro.md	content about one artefact - its intro note	1	tokens match on mii-ex-pro-questionnaire-capabilities (2 candidate artefacts)
MIIIGModulPRO/Technische-Implementierung/FHIR-Profile/Extension-ScoreHealthCorrelation.page.md	input/intro-notes/StructureDefinition-mii-ex-pro-questionnaire-capabilities-intro.md	child of MIIIGModulPRO/Technische-Implementierung/FHIR-Profile/Extension-Capabilities.page.md - same intro note	1	child of single-artefact page MIIIGModulPRO/Technische-Implementierung/FHIR-Profile/Extension-Capabilities.page.md (no anchor of its own)
MIIIGModulPRO/Technische-Implementierung/FHIR-Profile/Abstrakte-Profile/Questionnaire.page.md	input/intro-notes/StructureDefinition-mii-pr-pro-questionnaire-intro.md	content about one artefact - its intro note	1	compact match on mii-pr-pro-questionnaire (5 candidate artefacts)
MIIIGModulPRO/Technische-Implementierung/FHIR-Profile/Abstrakte-Profile/QuestionnaireResponse.page.md	input/intro-notes/StructureDefinition-mii-pr-pro-questionnaire-response-intro.md	content about one artefact - its intro note	1	compact match on mii-pr-pro-questionnaire-response (1 candidate artefact)
MIIIGModulPRO/Technische-Implementierung/FHIR-Profile/Abstrakte-Profile/ObservationDefinition.page.md	input/intro-notes/SearchParameter-mii-sp-pro-observationdefinition-code-intro.md	content about one artefact - its intro note	1	compact match on mii-sp-pro-observationdefinition-code (6 candidate artefacts)
MIIIGModulPRO/Technische-Implementierung/FHIR-Profile/Abstrakte-Profile/Observation.page.md	input/intro-notes/StructureDefinition-mii-pr-pro-observation-phq-9-intro.md	content about one artefact - its intro note	1	compact match on mii-pr-pro-observation-phq-9 (13 candidate artefacts)
MIIIGModulPRO/Technische-Implementierung/FHIR-Profile/Abstrakte-Profile/Index.page.md	input/pagecontent/profiles.md	family overview - h3/h4 section on an artefact index page	2	4 children, 4 anchoring distinct artefacts (StructureDefinition)
MIIIGModulPRO/PRO-Bibliothek/Index.page.md	input/pagecontent/pro-bibliothek.md	cross-cutting narrative - own page (hub, pages:-nested)	4	no artefact anchor; no agreed page; 18 child page(s)
MIIIGModulPRO/PRO-Bibliothek/PHQ-9/Index.page.md	input/pagecontent/phq-9.md	cross-cutting narrative - own page (merged prose, pages:-nested)	4	no artefact anchor; no agreed page; 0 child page(s)
MIIIGModulPRO/PRO-Bibliothek/PHQ-15/Index.page.md	input/pagecontent/phq-15.md	cross-cutting narrative - own page (merged prose, pages:-nested)	4	no artefact anchor; no agreed page; 0 child page(s)
MIIIGModulPRO/PRO-Bibliothek/EQ-5D-5L/Index.page.md	input/pagecontent/eq-5d-5l.md	cross-cutting narrative - own page (merged prose, pages:-nested)	4	no artefact anchor; no agreed page; 1 child page(s)
MIIIGModulPRO/PRO-Bibliothek/EQ-5D-5L/EQ-5D-5L-Scores.page.md	input/pagecontent/eq-5d-5l-scores.md	an agreed page already owns the concern	3	agreed page named 'eq-5d-5l-scores' exists in the target
MIIIGModulPRO/PRO-Bibliothek/EORTC-QLQ-C30/Index.page.md	input/pagecontent/eortc-qlq-c30.md	cross-cutting narrative - own page (merged prose, pages:-nested)	4	no artefact anchor; no agreed page; 1 child page(s)
MIIIGModulPRO/PRO-Bibliothek/EORTC-QLQ-C30/EORTC-QLQ-C30.page.md	input/pagecontent/eortc-qlq-c30.md	an agreed page already owns the concern	3	agreed page named 'eortc-qlq-c30' exists in the target
MIIIGModulPRO/PRO-Bibliothek/PRO-CTCAE/Index.page.md	input/pagecontent/pro-ctcae.md	cross-cutting narrative - own page (merged prose, pages:-nested)	4	no artefact anchor; no agreed page; 1 child page(s)
MIIIGModulPRO/PRO-Bibliothek/PRO-CTCAE/Onkologisches-Basisscreening.page.md	input/intro-notes/Questionnaire-mii-qst-pro-pro-ctcae-onkologisches-basisscreening-intro.md	content about one artefact - its intro note	1	compact match on mii-qst-pro-pro-ctcae-onkologisches-basisscreening (1 candidate artefact)
MIIIGModulPRO/PRO-Bibliothek/MIDOS2/Index.page.md	input/pagecontent/midos2.md	cross-cutting narrative - own page (merged prose, pages:-nested)	4	no artefact anchor; no agreed page; 0 child page(s)
MIIIGModulPRO/PRO-Bibliothek/PROMIS/Index.page.md	input/pagecontent/profiles.md	family overview - h3/h4 section on an artefact index page	2	3 children, 3 anchoring distinct artefacts (Questionnaire)
MIIIGModulPRO/PRO-Bibliothek/PROMIS/PROMIS-29.page.md	input/pagecontent/promis-29.md	an agreed page already owns the concern	3	agreed page named 'promis-29' exists in the target
MIIIGModulPRO/PRO-Bibliothek/PROMIS/PROMIS-16.page.md	input/pagecontent/promis-16.md	an agreed page already owns the concern	3	agreed page named 'promis-16' exists in the target
MIIIGModulPRO/PRO-Bibliothek/PROMIS/PROMIS-Depression.page.md	input/pagecontent/promis-depression.md	an agreed page already owns the concern	3	agreed page named 'promis-depression' exists in the target
MIIIGModulPRO/PRO-Bibliothek/DASS-21/Index.page.md	input/pagecontent/dass-21.md	cross-cutting narrative - own page (merged prose, pages:-nested)	4	no artefact anchor; no agreed page; 0 child page(s)
MIIIGModulPRO/PRO-Bibliothek/WHODAS-2.0/Index.page.md	input/pagecontent/whodas-2-0.md	cross-cutting narrative - own page (merged prose, pages:-nested)	4	no artefact anchor; no agreed page; 0 child page(s)
MIIIGModulPRO/PRO-Bibliothek/SCOFF/Index.page.md	input/pagecontent/scoff.md	cross-cutting narrative - own page (merged prose, pages:-nested)	4	no artefact anchor; no agreed page; 0 child page(s)
MIIIGModulPRO/PRO-Bibliothek/WI-7/Index.page.md	input/pagecontent/wi-7.md	cross-cutting narrative - own page (merged prose, pages:-nested)	4	no artefact anchor; no agreed page; 0 child page(s)
MIIIGModulPRO/PRO-Bibliothek/PC-PTSD/Index.page.md	input/pagecontent/pc-ptsd.md	cross-cutting narrative - own page (merged prose, pages:-nested)	4	no artefact anchor; no agreed page; 0 child page(s)
MIIIGModulPRO/PRO-Bibliothek/SSD-12/Index.page.md	input/pagecontent/ssd-12.md	cross-cutting narrative - own page (merged prose, pages:-nested)	4	no artefact anchor; no agreed page; 0 child page(s)
MIIIGModulPRO/PRO-Bibliothek/ISR-Z/Index.page.md	input/pagecontent/isr-z.md	cross-cutting narrative - own page (merged prose, pages:-nested)	4	no artefact anchor; no agreed page; 0 child page(s)
MIIIGModulPRO/PRO-Bibliothek/EURONET-SOMA/Index.page.md	input/pagecontent/euronet-soma.md	cross-cutting narrative - own page (merged prose, pages:-nested)	4	no artefact anchor; no agreed page; 0 child page(s)
MIIIGModulPRO/PRO-Bibliothek/GAD-7/Index.page.md	input/pagecontent/gad-7.md	cross-cutting narrative - own page (merged prose, pages:-nested)	4	no artefact anchor; no agreed page; 0 child page(s)
MIIIGModulPRO/PRO-Bibliothek/BDI-II/Index.page.md	input/pagecontent/bdi-ii.md	cross-cutting narrative - own page (merged prose, pages:-nested)	4	no artefact anchor; no agreed page; 0 child page(s)
MIIIGModulPRO/PRO-Bibliothek/Minimal-Reference-Questionnaires/Index.page.md	input/pagecontent/minimal-reference-questionnaires.md	cross-cutting narrative - own page (merged prose, pages:-nested)	4	no artefact anchor; no agreed page; 0 child page(s)
MIIIGModulPRO/Domaenen-basiertes-Scoring/Index.page.md	input/pagecontent/domaenen-basiertes-scoring.md	cross-cutting narrative - own page (hub, pages:-nested)	4	no artefact anchor; no agreed page; 3 child page(s)
MIIIGModulPRO/Domaenen-basiertes-Scoring/Domaenen.page.md	input/pagecontent/domaenen.md	cross-cutting narrative - own page (merged prose, pages:-nested)	4	no artefact anchor; no agreed page; 0 child page(s)
MIIIGModulPRO/Domaenen-basiertes-Scoring/Domain-basiertes-Scoring.page.md	input/pagecontent/domain-basiertes-scoring.md	cross-cutting narrative - own page (merged prose, pages:-nested)	4	no artefact anchor; no agreed page; 0 child page(s)
MIIIGModulPRO/Domaenen-basiertes-Scoring/Cross-Instrument-Mappings.page.md	input/pagecontent/cross-instrument-mappings.md	an agreed page already owns the concern	3	agreed page named 'cross-instrument-mappings' exists in the target
MIIIGModulPRO/Abgeleitete-Metriken/Index.page.md	input/pagecontent/abgeleitete-metriken.md	cross-cutting narrative - own page (merged prose, pages:-nested)	4	no artefact anchor; no agreed page; 0 child page(s)
