Source File	Size	loadResources	load	generateSnapshots	load-configure	scan	loadDepInfo	loadInfo	checkR4R4B	generateNarratives	validate	loadLists	checkConformanceResources	checkConformanceResources2	checkConformanceResources3	generateLogicalMaps	validateExpressions	scanForUsageStats	checkURLsUnique	processProvenanceDetails	translate	generate1	generate2	responsesForQuestionnaire	generateLogicals	makeDependencies	generateExampleZip	generateValidationPack	scanProfilesForR5	scanExamplesForR5
/fsh-generated/resources/ImplementationGuide-mii-ig-pro.json	84703	-	0	0	0	0	0	0	27	64	0	0	0	0	0	0	0	2	0	0	49	397	564	0	0	0	0	15	0	8
fsh-generated/resources/Bundle-mii-exa-pro-bdi-ii-bundle.json	27976	11	29	0	1	0	0	0	3	1413	0	0	0	0	0	0	0	0	0	0	28	186	1092	0	0	0	0	0	0	1
fsh-generated/resources/Bundle-mii-exa-pro-eortc-qlq-c30-bundle.json	71215	17	13	0	0	0	0	0	6	5100	0	0	0	0	0	0	0	0	0	0	18	367	14348	0	0	0	0	0	0	1
fsh-generated/resources/Bundle-mii-exa-pro-phq-9-bundle.json	70785	10	12	0	0	0	0	0	5	334	0	0	0	0	0	0	0	1	0	0	16	155	994	0	0	0	0	0	0	2
fsh-generated/resources/Bundle-mii-exa-pro-promis-29-bundle.json	28568	6	4	0	0	0	0	0	2	5219	0	0	0	0	0	0	0	0	0	0	8	188	7721	0	0	0	0	0	0	0
fsh-generated/resources/Bundle-mii-exa-pro-promis-depression-sf4a-bundle.json	6230	2	1	0	0	0	0	0	0	638	0	0	0	0	0	0	0	0	0	0	8	45	1944	0	0	0	0	0	0	0
fsh-generated/resources/CapabilityStatement-mii-cps-pro-capabilitystatement.json	48103	4	0	0	1	0	0	0	3	69	0	0	0	0	0	0	0	0	0	0	8	172	121	0	0	1	0	6	0	1
fsh-generated/resources/CodeSystem-mii-cs-pro-bdi-bdi2.json	1425	1	0	0	0	0	0	0	0	7	0	0	1	0	0	0	0	0	0	0	7	15	112	0	0	0	0	0	0	0
fsh-generated/resources/CodeSystem-mii-cs-pro-dass-21.json	6959	1	0	0	0	0	0	0	0	8	0	0	0	0	0	0	0	0	0	0	9	35	109	0	0	0	0	1	0	0
fsh-generated/resources/CodeSystem-mii-cs-pro-eortc-qlq-c30.json	3289	1	0	0	0	0	0	0	1	5	0	0	0	0	0	0	0	0	0	0	7	20	79	0	0	0	0	1	0	0
fsh-generated/resources/CodeSystem-mii-cs-pro-eq-5d-value-set.json	21143	3	0	0	0	0	0	0	1	11	0	0	0	0	0	0	0	0	0	0	9	58	145	0	0	0	0	2	0	1
fsh-generated/resources/CodeSystem-mii-cs-pro-isr-z-answers.json	1795	1	0	0	0	0	0	0	0	5	0	0	0	0	0	0	0	0	0	0	7	14	73	0	0	0	0	0	0	0
fsh-generated/resources/CodeSystem-mii-cs-pro-midos2.json	6030	1	0	0	0	0	0	0	1	6	0	0	0	0	0	0	0	0	0	0	7	28	93	0	0	0	0	1	0	0
fsh-generated/resources/CodeSystem-mii-cs-pro-phq-15-answers.json	1819	1	0	0	0	0	0	0	0	4	0	0	0	0	0	0	0	0	0	0	7	14	67	0	0	0	0	0	0	0
fsh-generated/resources/CodeSystem-mii-cs-pro-pro-ctcae.json	67992	10	0	0	0	0	0	0	5	55	0	0	0	0	0	0	0	1	0	0	18	272	255	0	0	0	0	11	0	1
fsh-generated/resources/CodeSystem-mii-cs-pro-questionnaire-catalogue.json	3413	1	0	0	1	0	0	0	1	6	0	0	0	0	0	0	0	0	0	0	7	36	68	0	0	0	0	1	0	0
fsh-generated/resources/CodeSystem-mii-cs-pro-score-catalogue.json	5299	2	0	0	0	0	0	0	0	6	0	0	0	0	0	0	0	0	0	0	8	52	80	0	0	0	0	1	0	0
fsh-generated/resources/CodeSystem-mii-cs-pro-ssd-12-answers.json	2308	1	0	0	0	0	0	0	0	4	0	0	0	0	0	0	0	0	0	0	7	18	70	0	0	0	0	1	0	0
fsh-generated/resources/CodeSystem-mii-cs-pro-whodas-12.json	6202	1	0	0	0	0	0	0	1	8	0	0	0	0	0	0	0	0	0	0	8	37	70	0	0	0	0	1	0	0
fsh-generated/resources/ConceptMap-mii-cm-pro-phq-9-linkid-migration.json	2920	1	0	0	0	0	0	0	0	344	0	0	0	0	0	0	0	0	0	0	6	20	52	0	0	0	0	0	0	0
fsh-generated/resources/Observation-mii-exa-pro-bdi-ii-observation.json	698	0	0	0	0	0	0	0	0	633	0	0	0	0	0	0	0	0	0	0	7	8	15	0	0	0	0	0	0	0
fsh-generated/resources/Observation-mii-exa-pro-dass-dass21-score-anxiety-equiv.json	1126	1	0	0	0	0	0	0	0	649	0	0	0	0	0	0	0	0	0	0	6	10	15	0	0	0	1	0	0	0
fsh-generated/resources/Observation-mii-exa-pro-dass-dass21-score-anxiety-raw.json	1106	0	0	0	0	0	0	0	0	628	0	0	0	0	0	0	0	0	0	0	6	10	12	0	0	0	0	0	0	0
fsh-generated/resources/Observation-mii-exa-pro-dass-dass21-score-depression-equiv.json	1296	1	0	0	0	0	0	0	0	631	0	0	0	0	0	0	0	1	0	0	6	13	16	0	0	0	0	0	0	0
fsh-generated/resources/Observation-mii-exa-pro-dass-dass21-score-depression-raw.json	1277	0	0	0	0	0	0	0	0	617	0	0	0	0	0	0	0	0	0	0	6	10	13	0	0	0	0	0	0	0
fsh-generated/resources/Observation-mii-exa-pro-dass-dass21-score-stress-equiv.json	1280	1	0	0	0	0	0	0	1	644	0	0	0	0	0	0	0	0	0	0	6	13	11	0	0	0	0	0	0	0
fsh-generated/resources/Observation-mii-exa-pro-dass-dass21-score-stress-raw.json	1261	0	0	0	0	0	0	0	0	657	0	0	0	0	0	0	0	0	0	0	6	9	11	0	0	0	0	0	0	0
fsh-generated/resources/Observation-mii-exa-pro-eortc-qlq-c30-observation-ap.json	1120	1	0	0	0	0	0	0	0	641	0	0	0	0	0	0	0	0	0	0	6	9	12	0	0	0	0	0	0	0
fsh-generated/resources/Observation-mii-exa-pro-eortc-qlq-c30-observation-cf.json	1130	0	0	0	0	0	0	0	0	634	0	0	0	0	0	0	0	0	0	0	6	10	12	0	0	0	0	0	0	0
fsh-generated/resources/Observation-mii-exa-pro-eortc-qlq-c30-observation-co.json	1119	1	0	0	0	0	0	0	0	626	0	0	0	0	0	0	0	0	0	0	5	8	13	0	0	0	0	0	0	0
fsh-generated/resources/Observation-mii-exa-pro-eortc-qlq-c30-observation-di.json	1116	0	0	0	0	0	0	0	0	658	0	0	0	0	0	0	0	0	0	0	6	9	12	0	0	0	0	0	0	0
fsh-generated/resources/Observation-mii-exa-pro-eortc-qlq-c30-observation-dy.json	1115	1	0	0	0	0	0	0	0	626	0	0	0	0	0	0	0	0	0	0	29	9	13	0	0	0	0	0	0	0
fsh-generated/resources/Observation-mii-exa-pro-eortc-qlq-c30-observation-ef.json	1131	0	0	0	0	0	0	0	0	634	0	0	0	0	0	0	0	0	0	0	7	9	11	0	0	0	0	0	0	0
fsh-generated/resources/Observation-mii-exa-pro-eortc-qlq-c30-observation-fa.json	1118	1	0	0	0	0	0	0	0	633	0	0	0	0	0	0	0	0	0	0	6	12	12	0	0	0	0	0	0	0
fsh-generated/resources/Observation-mii-exa-pro-eortc-qlq-c30-observation-fi.json	1129	1	0	0	0	0	0	0	0	658	0	0	0	0	0	0	0	0	0	0	7	12	12	0	0	0	0	0	0	0
fsh-generated/resources/Observation-mii-exa-pro-eortc-qlq-c30-observation-nv.json	1126	0	0	0	0	0	0	0	0	625	0	0	0	0	0	0	0	0	0	0	7	9	10	0	0	0	0	0	0	0
fsh-generated/resources/Observation-mii-exa-pro-eortc-qlq-c30-observation-pa.json	1115	1	0	0	0	0	0	0	0	628	0	0	0	0	0	0	0	0	0	0	7	11	12	0	0	0	0	0	0	0
fsh-generated/resources/Observation-mii-exa-pro-eortc-qlq-c30-observation-pf.json	1426	0	0	0	0	0	0	0	0	648	0	0	0	0	0	0	0	0	0	0	6	10	11	0	0	0	0	0	0	0
fsh-generated/resources/Observation-mii-exa-pro-eortc-qlq-c30-observation-ql.json	1149	1	0	0	0	0	0	0	1	644	0	0	0	0	0	0	0	0	0	0	5	9	11	0	0	0	0	0	0	0
fsh-generated/resources/Observation-mii-exa-pro-eortc-qlq-c30-observation-rf.json	1127	0	0	0	0	0	0	0	0	634	0	0	0	0	0	0	0	0	0	0	5	9	10	0	0	0	0	0	0	0
fsh-generated/resources/Observation-mii-exa-pro-eortc-qlq-c30-observation-sf.json	1129	1	0	0	0	0	0	0	0	647	0	0	0	0	0	0	0	0	0	0	6	11	11	0	0	0	0	0	0	0
fsh-generated/resources/Observation-mii-exa-pro-eortc-qlq-c30-observation-sl.json	1119	0	0	0	0	0	0	0	0	626	0	0	0	0	0	0	0	0	0	0	6	8	11	0	0	0	0	0	0	0
fsh-generated/resources/Observation-mii-exa-pro-isr-z-score.json	1079	1	0	0	0	0	0	0	0	630	0	0	0	0	0	0	0	0	0	0	5	9	11	0	0	0	0	0	0	0
fsh-generated/resources/Observation-mii-exa-pro-pc-ptsd-score.json	1078	0	0	0	1	0	0	0	0	626	0	0	0	0	0	0	0	0	0	0	5	8	12	0	0	0	0	0	0	0
fsh-generated/resources/Observation-mii-exa-pro-phq-15-observation.json	831	1	0	0	0	0	0	0	0	634	0	0	0	0	0	0	0	0	0	0	4	32	12	0	0	0	0	0	0	0
fsh-generated/resources/Observation-mii-exa-pro-phq-9-observation.json	720	1	0	0	0	0	0	0	0	613	0	0	0	0	0	0	0	0	0	0	4	7	9	0	0	0	0	0	0	0
fsh-generated/resources/Observation-mii-exa-pro-promis-depression-sf4a-raw-score.json	1104	1	0	0	0	0	0	0	0	653	0	0	0	0	0	0	0	0	0	0	4	8	11	0	0	0	0	0	0	0
fsh-generated/resources/Observation-mii-exa-pro-promis-depression-sf4a-tscore.json	1070	1	0	0	0	0	0	0	0	646	0	0	0	0	0	0	0	0	0	0	4	9	11	0	0	0	0	0	0	0
fsh-generated/resources/Observation-mii-exa-pro-promis-depression-tscore-from-bdi-ii-observation.json	743	1	0	0	0	0	0	0	0	642	0	0	0	0	0	0	0	0	0	0	3	9	11	0	0	0	0	0	0	0
fsh-generated/resources/Observation-mii-exa-pro-scoff-score.json	1070	1	0	0	0	0	0	0	0	617	0	0	0	0	0	0	0	0	0	0	4	9	12	0	0	0	0	0	0	0
fsh-generated/resources/Observation-mii-exa-pro-ssd-12-score.json	1076	1	0	0	0	0	0	0	0	646	0	0	0	0	0	0	0	0	0	0	2	9	11	0	0	0	0	0	0	0
fsh-generated/resources/Observation-mii-exa-pro-whodas12-score-simple-sum.json	1311	1	0	0	0	0	0	0	1	657	0	0	0	0	0	0	0	0	0	0	2	9	11	0	0	0	0	0	0	0
fsh-generated/resources/Observation-mii-exa-pro-wi-7-score.json	1072	1	0	0	0	0	0	0	0	640	0	0	0	0	0	0	0	0	0	0	1	8	11	0	0	0	0	0	0	0
fsh-generated/resources/ObservationDefinition-mii-obsdef-pro-depression-t-score.json	6347	2	0	0	0	0	0	0	0	5	0	0	0	0	0	0	0	0	0	0	2	23	21	0	0	0	0	0	0	0
fsh-generated/resources/ObservationDefinition-mii-obsdef-pro-eortc-qlq-c30-ap.json	897	0	0	0	0	0	0	0	0	1	0	0	0	0	0	0	0	0	0	0	1	8	8	0	0	0	0	0	0	0
fsh-generated/resources/ObservationDefinition-mii-obsdef-pro-eortc-qlq-c30-cf.json	905	1	0	0	0	0	0	0	0	1	0	0	0	0	0	0	0	0	0	0	1	8	7	0	0	0	0	0	0	0
fsh-generated/resources/ObservationDefinition-mii-obsdef-pro-eortc-qlq-c30-co.json	896	0	0	0	1	0	0	0	0	1	0	0	0	0	0	0	0	0	0	0	2	8	7	0	0	0	0	0	0	1
fsh-generated/resources/ObservationDefinition-mii-obsdef-pro-eortc-qlq-c30-di.json	893	1	0	0	0	0	0	0	0	0	0	0	0	0	0	0	0	0	0	0	1	8	7	0	0	0	0	0	0	0
fsh-generated/resources/ObservationDefinition-mii-obsdef-pro-eortc-qlq-c30-dy.json	892	1	0	0	0	0	0	0	0	1	0	0	0	0	0	0	0	0	0	0	1	10	9	0	0	0	0	0	0	0
fsh-generated/resources/ObservationDefinition-mii-obsdef-pro-eortc-qlq-c30-ef.json	905	0	0	0	0	0	0	0	0	1	0	0	0	0	0	0	0	0	0	0	2	8	11	0	0	0	0	0	0	0
fsh-generated/resources/ObservationDefinition-mii-obsdef-pro-eortc-qlq-c30-fa.json	891	1	0	0	0	0	0	0	0	1	0	0	0	0	0	0	0	0	0	0	1	8	11	0	0	0	0	0	0	0
fsh-generated/resources/ObservationDefinition-mii-obsdef-pro-eortc-qlq-c30-fi.json	906	1	0	0	0	0	0	0	0	1	0	0	0	0	0	0	0	0	0	0	1	11	8	0	0	0	0	0	0	0
fsh-generated/resources/ObservationDefinition-mii-obsdef-pro-eortc-qlq-c30-nv.json	903	0	0	0	0	0	0	0	1	1	0	0	0	0	0	0	0	0	0	0	1	11	10	0	0	0	0	0	0	0
fsh-generated/resources/ObservationDefinition-mii-obsdef-pro-eortc-qlq-c30-pa.json	888	1	0	0	0	0	0	0	0	1	0	0	0	0	0	0	0	0	0	0	2	9	8	0	0	0	0	0	0	0
fsh-generated/resources/ObservationDefinition-mii-obsdef-pro-eortc-qlq-c30-pf.json	1125	1	0	0	0	0	0	0	0	2	0	0	0	0	0	0	0	0	0	0	1	9	8	0	0	0	0	0	0	0
fsh-generated/resources/ObservationDefinition-mii-obsdef-pro-eortc-qlq-c30-ql.json	922	1	0	0	0	0	0	0	0	1	0	0	0	0	0	0	0	0	0	0	1	8	8	0	0	0	0	0	0	0
fsh-generated/resources/ObservationDefinition-mii-obsdef-pro-eortc-qlq-c30-rf.json	900	0	0	0	0	0	0	0	0	1	0	0	0	0	0	0	0	0	0	0	2	8	8	0	0	0	0	0	0	0
fsh-generated/resources/ObservationDefinition-mii-obsdef-pro-eortc-qlq-c30-sf.json	902	1	0	0	0	0	0	0	0	1	0	0	0	0	0	0	0	0	0	0	1	8	7	0	0	0	0	0	0	0
fsh-generated/resources/ObservationDefinition-mii-obsdef-pro-eortc-qlq-c30-sl.json	892	1	0	0	0	0	0	0	0	2	0	0	0	0	0	0	0	0	0	0	1	8	8	0	0	0	0	0	0	0
fsh-generated/resources/ObservationDefinition-mii-obsdef-pro-promis-29-anxiety-tscore.json	2178	1	0	0	0	0	0	0	0	2	0	0	0	0	0	0	0	0	0	0	1	12	9	0	0	0	0	0	0	0
fsh-generated/resources/ObservationDefinition-mii-obsdef-pro-promis-29-depression-tscore.json	2218	1	0	0	0	0	0	0	0	3	0	0	0	0	0	0	0	0	0	0	2	12	9	0	0	0	0	0	0	0
fsh-generated/resources/ObservationDefinition-mii-obsdef-pro-promis-29-fatigue-tscore.json	2182	1	0	0	0	0	0	0	0	2	0	0	0	0	0	0	0	0	0	0	1	12	11	0	0	0	0	0	0	0
fsh-generated/resources/ObservationDefinition-mii-obsdef-pro-promis-29-pain-intensity.json	2228	1	0	0	0	0	0	0	1	3	0	0	0	0	0	0	0	0	0	0	1	12	11	0	0	0	0	0	0	0
fsh-generated/resources/ObservationDefinition-mii-obsdef-pro-promis-29-pain-interference-tscore.json	2232	1	0	0	0	0	0	0	0	2	0	0	0	0	0	0	0	0	0	0	2	15	9	0	0	0	0	0	0	0
fsh-generated/resources/ObservationDefinition-mii-obsdef-pro-promis-29-physical-function-tscore.json	2235	1	0	0	0	0	0	0	0	2	0	0	0	0	0	0	0	0	0	0	1	14	9	0	0	0	0	0	0	0
fsh-generated/resources/ObservationDefinition-mii-obsdef-pro-promis-29-sleep-disturbance-tscore.json	2232	1	0	0	1	0	0	0	0	2	0	0	0	0	0	0	0	0	0	0	2	12	9	0	0	0	0	0	0	0
fsh-generated/resources/ObservationDefinition-mii-obsdef-pro-promis-29-social-function-tscore.json	2300	0	0	0	0	0	0	0	0	2	0	0	0	0	0	0	0	0	0	0	1	14	10	0	0	0	0	0	0	0
fsh-generated/resources/ObservationDefinition-mii-obsdef-pro-promis-cognitive-function-sf4a-raw-score.json	2613	1	0	0	0	0	0	0	0	3	0	0	0	0	0	0	0	0	0	0	1	14	10	0	0	0	0	0	0	0
fsh-generated/resources/ObservationDefinition-mii-obsdef-pro-promis-cognitive-function-sf4a-tscore.json	2574	1	0	0	0	0	0	0	0	2	0	0	0	0	0	0	0	0	0	0	2	14	10	0	0	0	0	0	0	0
fsh-generated/resources/ObservationDefinition-mii-obsdef-pro-score-bdi-ii.json	2305	0	0	0	0	0	0	0	1	2	0	0	0	0	0	0	0	0	0	0	1	11	9	0	0	0	0	0	0	0
fsh-generated/resources/ObservationDefinition-mii-obsdef-pro-score-dass21-anxiety-equiv.json	1960	1	0	0	0	0	0	0	0	2	0	0	0	0	0	0	0	0	0	0	1	11	10	0	0	0	0	0	0	0
fsh-generated/resources/ObservationDefinition-mii-obsdef-pro-score-dass21-anxiety-raw.json	1902	1	0	0	0	0	0	0	0	2	0	0	0	0	0	0	0	0	0	0	2	11	9	0	0	0	0	0	0	0
fsh-generated/resources/ObservationDefinition-mii-obsdef-pro-score-dass21-depression-equiv.json	2133	0	0	0	0	0	0	0	0	3	0	0	0	0	0	0	0	0	0	0	1	11	10	0	0	0	0	0	0	0
fsh-generated/resources/ObservationDefinition-mii-obsdef-pro-score-dass21-depression-raw.json	2075	1	0	0	0	0	0	0	0	2	0	0	0	0	0	0	0	0	0	0	1	12	10	0	0	0	0	0	0	0
fsh-generated/resources/ObservationDefinition-mii-obsdef-pro-score-dass21-stress-equiv.json	2113	0	0	0	0	0	0	0	0	2	0	0	0	0	0	0	0	0	0	0	2	15	9	0	0	0	0	0	0	0
fsh-generated/resources/ObservationDefinition-mii-obsdef-pro-score-dass21-stress-raw.json	2055	1	0	0	0	0	0	0	0	1	0	0	0	0	0	0	0	0	0	0	1	12	12	0	0	0	0	0	0	0
fsh-generated/resources/ObservationDefinition-mii-obsdef-pro-score-eq5d5l-index.json	2248	1	0	0	0	0	0	0	1	619	0	0	0	0	0	0	0	0	0	0	1	14	10	0	0	0	0	0	0	0
fsh-generated/resources/ObservationDefinition-mii-obsdef-pro-score-eq5d5l-profile.json	1134	0	0	0	0	0	0	0	0	1	0	0	0	0	0	0	0	0	0	0	1	10	8	0	0	0	0	0	0	0
fsh-generated/resources/ObservationDefinition-mii-obsdef-pro-score-eq5d5l-vas.json	2245	1	0	0	0	0	0	0	0	634	0	0	0	0	0	0	0	0	0	0	1	12	47	0	0	0	0	0	0	0
fsh-generated/resources/ObservationDefinition-mii-obsdef-pro-score-isr-z.json	1781	0	0	0	0	0	0	0	0	625	0	0	0	0	0	0	0	0	0	0	2	13	8	0	0	0	0	0	0	0
fsh-generated/resources/ObservationDefinition-mii-obsdef-pro-score-pc-ptsd.json	2306	1	0	0	0	0	0	0	0	629	0	0	0	0	0	0	0	0	0	0	1	12	10	0	0	0	0	0	0	0
fsh-generated/resources/ObservationDefinition-mii-obsdef-pro-score-phq-15.json	3152	1	0	0	0	0	0	0	0	645	0	0	0	0	0	0	0	0	0	0	1	15	10	0	0	0	0	0	0	0
fsh-generated/resources/ObservationDefinition-mii-obsdef-pro-score-phq-9.json	2138	1	0	0	0	0	0	0	0	645	0	0	0	0	0	0	0	0	0	0	2	12	9	0	0	0	0	0	0	0
fsh-generated/resources/ObservationDefinition-mii-obsdef-pro-score-proctcae-acs.json	1925	0	0	0	1	0	0	0	1	2	0	0	0	0	0	0	0	0	0	0	1	11	9	0	0	0	0	0	0	0
fsh-generated/resources/ObservationDefinition-mii-obsdef-pro-score-proctcae-composite-grade.json	1954	1	0	0	0	0	0	0	0	1	0	0	0	0	0	0	0	1	0	0	1	11	9	0	0	0	0	0	0	0
fsh-generated/resources/ObservationDefinition-mii-obsdef-pro-score-scoff.json	2294	1	0	0	0	0	0	0	0	628	0	0	0	0	0	0	0	0	0	0	2	13	9	0	0	0	0	0	0	0
fsh-generated/resources/ObservationDefinition-mii-obsdef-pro-score-ssd-12.json	1770	0	0	0	0	0	0	0	0	652	0	0	0	0	0	0	0	0	0	0	1	56	8	0	0	0	0	0	0	0
fsh-generated/resources/ObservationDefinition-mii-obsdef-pro-score-whodas12-simple-sum.json	2104	1	0	0	0	0	0	0	0	2	0	0	0	0	0	0	0	0	0	0	1	12	9	0	0	0	0	0	0	0
fsh-generated/resources/ObservationDefinition-mii-obsdef-pro-score-wi-7.json	3002	1	0	0	0	0	0	0	0	644	0	0	0	0	0	0	0	0	0	0	2	16	11	0	0	0	0	0	0	0
fsh-generated/resources/Patient-mii-exa-pro-patient.json	322	0	0	0	0	0	0	0	0	1	0	0	0	0	0	0	0	0	0	0	1	4	6	0	0	0	0	0	0	0
fsh-generated/resources/Questionnaire-mii-qst-pro-bdi-bdi2.json	11006	2	0	0	0	0	0	0	1	15	0	0	0	0	0	0	0	0	0	0	2	170	66	0	0	0	0	5	0	1
fsh-generated/resources/Questionnaire-mii-qst-pro-ces-d.json	1743	1	0	0	0	0	0	0	0	5	0	0	0	0	0	0	0	0	0	0	1	31	20	0	0	0	0	0	0	0
fsh-generated/resources/Questionnaire-mii-qst-pro-dass-dass21.json	113590	13	0	0	0	0	0	0	7	28	0	0	0	0	0	0	0	0	0	0	5	342	194	0	0	0	0	6	0	1
fsh-generated/resources/Questionnaire-mii-qst-pro-eortc-qlq-c30-variant-a.json	22379	3	0	0	1	0	0	0	1	50	0	0	0	0	0	0	0	0	0	0	5	322	118	0	0	1	0	5	0	1
fsh-generated/resources/Questionnaire-mii-qst-pro-eortc-qlq-c30-variant-b.json	26746	4	0	0	0	0	0	0	2	1008	0	0	0	0	0	0	0	1	0	0	4	341	1698	0	0	0	0	6	0	0
fsh-generated/resources/Questionnaire-mii-qst-pro-eortc-qlq-c30.json	26934	5	0	0	0	0	0	0	2	35	0	0	0	0	0	0	0	0	0	0	4	353	325	0	0	0	0	6	0	1
fsh-generated/resources/Questionnaire-mii-qst-pro-epds.json	1854	0	0	0	0	0	0	0	0	6	0	0	0	0	0	0	0	0	0	0	2	31	26	0	0	0	0	14	0	0
fsh-generated/resources/Questionnaire-mii-qst-pro-euronet-soma.json	8289	2	0	0	0	0	0	0	1	7	0	0	0	0	0	0	0	0	0	0	3	61	42	0	0	0	0	3	0	0
fsh-generated/resources/Questionnaire-mii-qst-pro-euroqol-eq5d5l-answer-coding.json	19700	2	0	0	0	0	0	0	1	12	0	0	0	0	0	0	0	0	0	0	2	109	71	0	0	0	0	2	0	0
fsh-generated/resources/Questionnaire-mii-qst-pro-euroqol-eq5d5l-collectable.json	32683	4	0	0	0	0	0	0	2	12	0	0	0	0	0	0	0	0	0	0	4	115	63	0	0	0	0	2	0	1
fsh-generated/resources/Questionnaire-mii-qst-pro-euroqol-eq5d5l-displayable.json	35864	5	0	0	0	0	0	0	2	13	0	0	0	0	0	0	0	0	0	0	3	125	98	0	0	0	0	2	0	0
fsh-generated/resources/Questionnaire-mii-qst-pro-euroqol-eq5d5l-minimal.json	8512	1	0	0	0	0	0	0	0	14	0	0	0	0	0	0	0	0	0	0	4	82	54	0	0	0	0	2	0	1
fsh-generated/resources/Questionnaire-mii-qst-pro-hads.json	1857	1	0	0	0	0	0	0	0	3	0	0	0	0	0	0	0	0	0	0	2	32	26	0	0	0	0	0	0	0
fsh-generated/resources/Questionnaire-mii-qst-pro-isr-z.json	4827	1	0	0	1	0	0	0	1	7	0	0	0	0	0	0	0	0	0	0	3	60	40	0	0	0	0	1	0	0
fsh-generated/resources/Questionnaire-mii-qst-pro-k6.json	1683	1	0	0	0	0	0	0	0	3	0	0	0	0	0	0	0	0	0	0	3	30	24	0	0	0	0	1	0	0
fsh-generated/resources/Questionnaire-mii-qst-pro-midos-midos2.json	14350	3	0	0	0	0	0	0	1	10	0	0	0	0	0	0	0	0	0	0	3	109	56	0	0	0	0	2	0	0
fsh-generated/resources/Questionnaire-mii-qst-pro-pc-ptsd.json	7435	1	0	0	0	0	0	0	0	8	0	0	0	0	0	0	0	0	0	0	3	70	41	0	0	0	0	1	0	0
fsh-generated/resources/Questionnaire-mii-qst-pro-phq-15.json	16685	3	0	0	0	0	0	0	1	13	0	0	0	0	0	0	0	1	0	0	4	134	4991	0	0	0	0	3	0	0
fsh-generated/resources/Questionnaire-mii-qst-pro-phq-9.json	53687	6	0	0	0	0	0	0	3	18	0	0	0	0	0	0	0	0	0	0	4	161	3359	0	0	0	0	4	0	1
fsh-generated/resources/Questionnaire-mii-qst-pro-pro-ctcae-breast-de.json	17985	2	0	0	0	0	0	0	1	28	0	0	0	0	0	0	0	0	0	0	4	365	105	0	0	0	0	5	0	1
fsh-generated/resources/Questionnaire-mii-qst-pro-pro-ctcae-onkologisches-basisscreening.json	11858	2	0	0	0	0	0	0	1	14	0	0	0	0	0	0	0	0	0	0	3	211	50	0	0	0	0	3	0	0
fsh-generated/resources/Questionnaire-mii-qst-pro-promis-16.json	24969	2	0	0	0	0	0	0	1	15	0	0	0	0	0	0	0	0	0	0	4	172	1009	0	0	0	0	3	0	0
fsh-generated/resources/Questionnaire-mii-qst-pro-promis-29-de.json	178032	18	0	0	1	0	0	0	9	58	0	0	0	0	0	0	0	1	0	0	7	564	256	0	0	0	0	10	0	2
fsh-generated/resources/Questionnaire-mii-qst-pro-promis-29-minimal.json	13036	2	0	0	0	0	0	0	1	16	0	0	0	0	0	0	0	0	0	0	3	99	1351	0	0	0	0	2	0	0
fsh-generated/resources/Questionnaire-mii-qst-pro-promis-29.json	177918	17	0	0	0	0	0	0	9	54	0	0	0	0	0	0	0	1	0	0	6	542	163	0	0	0	0	13	0	2
fsh-generated/resources/Questionnaire-mii-qst-pro-promis-cognitive-function-sf4a.json	31855	3	0	0	0	0	0	0	1	8	0	0	0	0	0	0	0	0	0	0	4	105	44	0	0	0	0	3	0	0
fsh-generated/resources/Questionnaire-mii-qst-pro-promis-depression-sf4a.json	25055	3	0	0	0	0	0	0	2	59	0	0	0	0	0	0	0	0	0	0	3	93	38	0	0	0	0	2	0	1
fsh-generated/resources/Questionnaire-mii-qst-pro-scoff.json	11256	2	0	0	0	0	0	0	0	15	0	0	0	0	0	0	0	0	0	0	3	82	75	0	0	0	0	2	0	0
fsh-generated/resources/Questionnaire-mii-qst-pro-ssd-12.json	7231	2	0	0	0	0	0	0	1	12	0	0	0	0	0	0	0	0	0	0	2	114	38	0	0	0	0	3	0	0
fsh-generated/resources/Questionnaire-mii-qst-pro-whodas-whodas12.json	16422	2	0	0	0	0	0	0	1	12	0	0	0	0	0	0	0	0	0	0	2	123	41	0	0	0	0	3	0	0
fsh-generated/resources/Questionnaire-mii-qst-pro-wi-7.json	14415	1	0	0	0	0	0	0	0	9	0	0	0	0	0	0	0	0	0	0	2	94	40	0	0	0	0	3	0	0
fsh-generated/resources/QuestionnaireResponse-mii-exa-pro-bdi-bdi2.json	6717	2	0	0	0	0	0	0	1	6	0	0	0	0	0	0	0	0	0	0	2	115	25	0	0	0	0	0	0	0
fsh-generated/resources/QuestionnaireResponse-mii-exa-pro-dass-dass21-response-01.json	8772	1	0	0	0	0	0	0	0	3	0	0	0	0	0	0	0	0	0	0	1	141	24	0	0	0	0	0	0	0
fsh-generated/resources/QuestionnaireResponse-mii-exa-pro-eortc-qlq-c30-response.json	10195	2	0	0	1	0	0	0	1	4	0	0	0	0	0	0	0	0	0	0	2	153	25	0	0	0	0	0	0	0
fsh-generated/resources/QuestionnaireResponse-mii-exa-pro-euronet-soma-response.json	801	0	0	0	0	0	0	0	0	1	0	0	0	0	0	0	0	0	0	0	1	28	10	0	0	0	0	0	0	0
fsh-generated/resources/QuestionnaireResponse-mii-exa-pro-euroqol-eq5d5l-coded-response.json	3099	1	0	0	0	0	0	0	0	2	0	0	0	0	0	0	0	0	0	0	1	52	16	0	0	0	0	0	0	0
fsh-generated/resources/QuestionnaireResponse-mii-exa-pro-euroqol-eq5d5l-response.json	1768	1	0	0	0	0	0	0	0	4	0	0	0	0	0	0	0	0	0	0	2	52	16	0	0	0	0	0	0	0
fsh-generated/resources/QuestionnaireResponse-mii-exa-pro-isr-z-response.json	1667	0	0	0	0	0	0	0	0	2	0	0	0	0	0	0	0	0	0	0	1	37	12	0	0	0	0	0	0	0
fsh-generated/resources/QuestionnaireResponse-mii-exa-pro-midos2-response-01.json	4659	1	0	0	0	0	0	0	1	2	0	0	0	0	0	0	0	0	0	0	1	78	17	0	0	0	0	0	0	0
fsh-generated/resources/QuestionnaireResponse-mii-exa-pro-pc-ptsd-response.json	1626	0	0	0	0	0	0	0	0	3	0	0	0	0	0	0	0	0	0	0	2	40	12	0	0	0	0	0	0	1
fsh-generated/resources/QuestionnaireResponse-mii-exa-pro-phq-15-response.json	5772	2	0	0	0	0	0	0	0	2	0	0	0	0	0	0	0	0	0	0	1	91	19	0	0	0	0	0	0	0
fsh-generated/resources/QuestionnaireResponse-mii-exa-pro-phq-9-response.json	3112	0	0	0	0	0	0	0	0	2	0	0	0	0	0	0	0	0	0	0	1	64	15	0	0	0	0	0	0	0
fsh-generated/resources/QuestionnaireResponse-mii-exa-pro-pro-ctcae-onkologisches-basisscreening-response-01.json	10015	2	0	0	0	0	0	0	1	4	0	0	0	0	0	0	0	0	0	0	2	167	26	0	0	0	0	0	0	0
fsh-generated/resources/QuestionnaireResponse-mii-exa-pro-promis-29-de-response.json	12376	2	0	0	0	0	0	0	1	5	0	0	0	0	0	0	0	1	0	0	1	278	40	0	0	0	0	0	0	0
fsh-generated/resources/QuestionnaireResponse-mii-exa-pro-promis-29-response.json	12370	2	0	0	0	0	0	0	0	5	0	0	0	0	0	0	0	0	0	0	1	261	43	0	0	0	0	0	0	0
fsh-generated/resources/QuestionnaireResponse-mii-exa-pro-promis-depression-sf4a-response.json	1791	0	0	0	0	0	0	0	1	2	0	0	0	0	0	0	0	0	0	0	2	45	12	0	0	0	0	0	0	0
fsh-generated/resources/QuestionnaireResponse-mii-exa-pro-scoff-response.json	1848	1	0	0	0	0	0	0	0	1	0	0	0	0	0	0	0	0	0	0	1	43	13	0	0	1	0	0	0	0
fsh-generated/resources/QuestionnaireResponse-mii-exa-pro-ssd-12-response.json	4496	1	0	0	0	0	0	0	2	2	0	0	0	0	0	0	0	0	0	0	2	76	16	0	0	0	0	0	0	0
fsh-generated/resources/QuestionnaireResponse-mii-exa-pro-whodas12-response-01.json	4651	1	0	0	0	0	0	0	1	3	0	0	0	0	0	0	0	0	0	0	1	79	18	0	0	0	0	0	0	0
fsh-generated/resources/QuestionnaireResponse-mii-exa-pro-wi-7-response.json	2302	0	0	0	0	0	0	0	0	1	0	0	0	0	0	0	0	0	0	0	21	52	46	0	0	0	0	0	0	0
fsh-generated/resources/SearchParameter-mii-sp-pro-observationdefinition-code.json	1404	1	0	0	1	0	0	0	0	4	0	0	0	0	0	0	0	0	0	0	3	11	11	0	0	0	0	1	0	0
fsh-generated/resources/SearchParameter-mii-sp-pro-observationdefinition-health-correlation.json	1722	0	0	0	0	0	0	0	0	3	0	0	0	0	0	0	0	0	0	0	3	11	10	0	0	0	0	0	0	0
fsh-generated/resources/SearchParameter-mii-sp-pro-observationdefinition-interval-category.json	1524	1	0	0	0	0	0	0	0	2	0	0	0	0	0	0	0	0	0	0	1	11	10	0	0	0	0	0	0	0
fsh-generated/resources/SearchParameter-mii-sp-pro-observationdefinition-permitted-datatype.json	1496	0	0	0	0	0	0	0	0	2	0	0	0	0	0	0	0	0	0	0	1	11	10	0	0	0	0	1	0	0
fsh-generated/resources/SearchParameter-mii-sp-pro-observationdefinition-preferred-report-name.json	1490	1	0	0	0	0	1	0	1	2	0	0	0	0	0	0	0	0	0	0	2	11	9	0	0	0	0	0	0	0
fsh-generated/resources/SearchParameter-mii-sp-pro-observationdefinition-unit.json	1457	0	0	0	0	0	0	0	0	2	0	0	0	0	0	0	0	0	0	0	1	10	10	0	0	0	0	0	0	0
fsh-generated/resources/SearchParameter-mii-sp-pro-questionnaire-capabilities.json	1767	0	0	0	0	0	0	0	0	2	0	0	0	0	0	0	0	0	0	0	2	12	10	0	0	0	0	1	0	0
fsh-generated/resources/StructureDefinition-mii-ex-pro-questionnaire-capabilities.json	5666	2	0	13	0	0	0	0	0	49	0	0	0	0	0	0	0	1	0	0	1	265	853	0	0	0	0	7	1	1
fsh-generated/resources/StructureDefinition-mii-ex-pro-score-score-health-correlation.json	2110	1	0	8	0	0	0	0	0	8	0	0	0	0	0	0	0	0	0	0	0	105	293	0	0	0	0	3	0	0
fsh-generated/resources/StructureDefinition-mii-lm-pro.json	48959	7	0	86	0	0	0	0	0	110	0	0	1	0	0	0	0	3	0	0	4	1057	1941	0	0	0	0	28	0	1
fsh-generated/resources/StructureDefinition-mii-pr-pro-depression-t-score.json	5654	2	0	31	1	0	0	0	1	27	0	0	0	0	0	0	0	1	0	0	0	399	1444	0	0	0	0	13	0	1
fsh-generated/resources/StructureDefinition-mii-pr-pro-observation-bdi-ii.json	2765	0	0	38	0	0	0	0	0	19	0	0	0	0	0	0	0	1	0	0	0	316	872	0	0	0	0	11	0	1
fsh-generated/resources/StructureDefinition-mii-pr-pro-observation-eq5d5l-index.json	3530	1	0	19	0	0	0	0	0	32	0	0	0	0	0	0	0	1	0	0	0	363	1839	0	0	0	0	12	0	0
fsh-generated/resources/StructureDefinition-mii-pr-pro-observation-eq5d5l-profile.json	2619	1	0	15	0	0	0	0	0	25	0	0	0	0	0	0	0	1	0	0	1	269	455	0	0	0	0	9	0	1
fsh-generated/resources/StructureDefinition-mii-pr-pro-observation-eq5d5l-vas.json	2690	1	0	12	0	0	0	0	0	20	0	0	0	0	0	0	0	2	0	0	0	300	529	0	0	0	0	7	1	1
fsh-generated/resources/StructureDefinition-mii-pr-pro-observation-phq-15.json	2891	1	0	13	0	0	0	0	0	28	0	0	1	0	0	0	0	0	0	0	0	316	829	0	0	0	0	11	0	0
fsh-generated/resources/StructureDefinition-mii-pr-pro-observation-phq-9.json	2845	1	0	16	0	0	0	0	0	67	0	0	0	0	0	0	0	1	0	0	1	317	756	0	0	0	0	9	0	1
fsh-generated/resources/StructureDefinition-mii-pr-pro-observation-whodas12.json	2453	0	0	16	0	0	0	0	0	24	0	0	0	0	0	0	0	1	0	0	0	284	482	0	0	0	0	9	0	1
fsh-generated/resources/StructureDefinition-mii-pr-pro-promis-29-anxiety-tscore.json	2467	1	0	14	0	0	0	0	0	25	0	0	0	0	0	0	0	0	0	0	0	292	454	0	0	0	0	9	0	0
fsh-generated/resources/StructureDefinition-mii-pr-pro-promis-29-depression-tscore.json	2513	1	0	13	0	0	0	0	0	19	0	0	0	0	0	0	0	1	0	0	1	295	420	0	0	0	0	8	0	1
fsh-generated/resources/StructureDefinition-mii-pr-pro-promis-29-fatigue-tscore.json	2471	1	0	14	0	0	0	0	0	24	0	0	0	0	0	0	0	1	0	0	0	295	523	0	0	0	0	7	0	1
fsh-generated/resources/StructureDefinition-mii-pr-pro-promis-29-pain-intensity.json	2524	1	0	13	0	0	0	0	0	25	0	0	0	0	0	0	0	0	0	0	0	295	453	0	0	0	0	7	0	0
fsh-generated/resources/StructureDefinition-mii-pr-pro-promis-29-pain-interference-tscore.json	2541	0	0	17	0	0	0	0	0	16	0	0	0	0	0	0	0	1	0	0	0	328	490	0	0	0	0	8	1	1
fsh-generated/resources/StructureDefinition-mii-pr-pro-promis-29-physical-function-tscore.json	2542	1	0	16	1	0	0	0	0	25	0	0	0	0	0	0	0	1	0	0	1	299	415	0	0	0	0	11	0	1
fsh-generated/resources/StructureDefinition-mii-pr-pro-promis-29-sleep-disturbance-tscore.json	2541	1	0	12	0	0	0	0	0	28	0	0	1	0	0	0	0	1	0	0	0	306	411	0	0	0	0	11	0	0
fsh-generated/resources/StructureDefinition-mii-pr-pro-promis-29-social-function-tscore.json	2603	2	0	15	0	0	0	0	0	24	0	0	0	0	0	0	0	0	0	0	0	303	403	0	0	0	0	10	0	1
fsh-generated/resources/StructureDefinition-mii-pr-pro-promis-cognitive-function-sf4a-raw-score.json	3278	1	0	15	0	0	0	0	0	30	0	0	0	0	0	0	0	1	0	0	0	364	521	0	0	0	0	12	0	1
fsh-generated/resources/StructureDefinition-mii-pr-pro-promis-cognitive-function-sf4a-tscore.json	2580	2	0	18	0	0	0	0	0	22	0	0	0	0	0	0	0	1	0	0	0	293	497	0	0	0	0	10	0	1
fsh-generated/resources/StructureDefinition-mii-pr-pro-promis-depression-sf4a-raw-score.json	5722	1	0	21	0	0	0	0	0	36	0	0	0	0	0	0	0	0	0	0	1	421	642	0	0	0	0	21	0	0
fsh-generated/resources/StructureDefinition-mii-pr-pro-questionnaire-response.json	887	1	0	78	0	0	0	0	0	11	0	0	0	0	0	0	0	1	0	0	0	139	409	0	0	0	0	5	0	1
fsh-generated/resources/StructureDefinition-mii-pr-pro-questionnaire.json	3752	1	0	83	0	0	0	0	0	38	0	0	0	0	0	0	0	1	0	0	0	374	535	0	0	0	0	11	1	1
fsh-generated/resources/StructureDefinition-mii-pr-pro-score-blueprint.json	5797	1	0	67	0	0	0	0	0	81	0	0	0	0	0	0	0	1	0	0	1	424	499	0	0	0	0	8	0	1
fsh-generated/resources/StructureDefinition-mii-pr-pro-score-instance.json	3569	1	0	1	0	0	0	0	0	29	0	0	0	0	0	0	0	0	0	0	0	291	434	0	0	0	0	8	0	0
fsh-generated/resources/ValueSet-mii-vs-pro-bdi-bdi2-long.json	1097	1	0	0	0	0	0	0	0	5	0	0	0	0	0	0	0	0	0	0	5	12	96	0	0	0	0	1	0	0
fsh-generated/resources/ValueSet-mii-vs-pro-bdi-bdi2-short.json	899	0	0	0	0	0	0	0	1	2	0	0	0	0	0	0	0	0	0	0	3	9	86	0	0	0	0	0	0	0
fsh-generated/resources/ValueSet-mii-vs-pro-dass-21-answer-list.json	959	0	0	0	1	0	0	0	0	2	0	0	0	0	0	0	0	0	0	0	3	10	81	0	0	0	0	0	0	0
fsh-generated/resources/ValueSet-mii-vs-pro-eortc-qlq-c30-scale-4pt.json	1031	1	0	0	0	0	0	0	0	1	0	0	0	0	0	0	0	0	0	0	2	9	72	0	0	0	0	1	0	0
fsh-generated/resources/ValueSet-mii-vs-pro-eortc-qlq-c30-scale-7pt.json	1083	0	0	0	0	0	0	0	0	2	0	0	0	0	0	0	0	0	0	0	1	13	61	0	0	0	0	0	0	0
fsh-generated/resources/ValueSet-mii-vs-pro-eortc-qlq-c30-scale-role.json	925	0	0	0	0	0	0	0	0	2	0	0	0	0	0	0	0	0	0	0	2	9	65	0	0	0	0	0	0	0
fsh-generated/resources/ValueSet-mii-vs-pro-isr-z-answers.json	695	1	0	0	0	0	0	0	0	1	0	0	0	0	0	0	0	0	0	0	1	7	64	0	0	0	0	0	0	0
fsh-generated/resources/ValueSet-mii-vs-pro-midos2-severity.json	946	0	0	0	0	0	0	0	0	2	0	0	0	0	0	0	0	0	0	0	1	9	69	0	0	0	0	0	0	0
fsh-generated/resources/ValueSet-mii-vs-pro-midos2-wellbeing.json	970	0	0	0	0	0	0	0	1	2	0	0	0	0	0	0	0	0	0	0	1	10	64	0	0	0	0	1	0	0
fsh-generated/resources/ValueSet-mii-vs-pro-phq-15-answers.json	699	1	0	0	0	0	0	0	0	1	0	0	0	0	0	0	0	0	0	0	2	6	58	0	0	0	0	0	0	0
fsh-generated/resources/ValueSet-mii-vs-pro-phq-9-answer-list-ll358-3.json	2417	0	0	0	0	0	0	0	0	325	0	0	0	0	0	0	0	0	0	0	1	11	424	0	0	0	0	0	0	0
fsh-generated/resources/ValueSet-mii-vs-pro-phq-9-answer-list-ll359-1.json	1682	1	0	0	0	0	0	0	0	339	0	0	0	0	0	0	0	0	0	0	2	10	362	0	0	0	0	0	0	0
fsh-generated/resources/ValueSet-mii-vs-pro-pro-ctcae-frequency-sexual.json	1251	0	0	0	0	0	0	0	0	2	0	0	0	0	0	0	0	0	0	0	1	12	50	0	0	0	0	1	0	0
fsh-generated/resources/ValueSet-mii-vs-pro-pro-ctcae-frequency.json	1005	1	0	0	1	0	0	0	0	2	0	0	0	0	0	0	0	0	0	0	1	10	54	0	0	0	0	0	0	0
fsh-generated/resources/ValueSet-mii-vs-pro-pro-ctcae-interference.json	1032	0	0	0	0	0	0	0	0	2	0	0	0	0	0	0	0	0	0	0	2	10	42	0	0	0	0	0	0	0
fsh-generated/resources/ValueSet-mii-vs-pro-pro-ctcae-presence-na.json	871	1	0	0	0	0	0	0	0	1	0	0	0	0	0	0	0	0	0	0	1	9	44	0	0	0	0	0	0	0
fsh-generated/resources/ValueSet-mii-vs-pro-pro-ctcae-presence-sexual.json	1016	0	0	0	0	0	0	0	0	1	0	0	0	0	0	0	0	0	0	0	1	9	42	0	0	0	0	0	0	0
fsh-generated/resources/ValueSet-mii-vs-pro-pro-ctcae-presence.json	770	1	0	0	0	0	0	0	0	2	0	0	0	0	0	0	0	0	0	0	1	9	39	0	0	0	0	1	0	0
fsh-generated/resources/ValueSet-mii-vs-pro-pro-ctcae-severity-radiation.json	1117	0	0	0	0	0	0	0	1	1	0	0	0	0	0	0	0	0	0	0	2	10	42	0	0	0	0	0	0	0
fsh-generated/resources/ValueSet-mii-vs-pro-pro-ctcae-severity-sexual.json	1241	1	0	0	0	0	0	0	0	2	0	0	0	0	0	0	0	1	0	0	1	12	46	0	0	0	0	0	0	0
fsh-generated/resources/ValueSet-mii-vs-pro-pro-ctcae-severity.json	988	1	0	0	0	0	0	0	0	1	0	0	0	0	0	0	0	0	0	0	1	10	42	0	0	0	0	0	0	0
fsh-generated/resources/ValueSet-mii-vs-pro-promis-frequency-response-scale.json	1785	1	0	0	0	0	0	0	0	316	0	0	0	0	0	0	0	0	0	0	2	10	371	0	0	0	0	0	0	0
fsh-generated/resources/ValueSet-mii-vs-pro-promis-intensity-response-scale.json	1889	0	0	0	0	0	0	0	0	315	0	0	0	0	0	0	0	0	0	0	1	10	363	0	0	0	0	1	0	0
fsh-generated/resources/ValueSet-mii-vs-pro-promis-physical-function-response-scale.json	1994	1	0	0	0	0	0	0	0	328	0	0	0	0	0	0	0	0	0	0	1	11	358	0	0	0	0	0	0	0
fsh-generated/resources/ValueSet-mii-vs-pro-ssd-12-answers.json	654	0	0	0	1	0	0	0	0	1	0	0	0	0	0	0	0	0	0	0	2	7	40	0	0	0	0	0	0	0
fsh-generated/resources/ValueSet-mii-vs-pro-whodas-12-answer-list.json	1151	1	0	0	0	0	0	0	0	3	0	0	0	0	0	0	0	0	0	0	1	10	53	0	0	0	0	0	0	0
/fsh-generated/includes/menu.xml	4029	-	-	-	0	0	0	0	0	0	0	0	0	0	0	0	0	0	0	0	0	0	1	0	0	0	0	0	0	0
/fsh-generated/includes/fsh-link-references.md	19183	-	-	-	0	0	0	0	0	0	0	0	0	0	0	0	0	0	0	0	0	0	2	0	0	0	0	0	0	0
/input/pagecontent/dass-21.md	7589	-	-	-	0	0	0	0	0	0	0	0	0	0	0	0	0	0	0	0	0	0	1	0	0	0	0	0	0	0
/input/pagecontent/promis.md	5247	-	-	-	0	0	0	0	0	0	0	0	0	0	0	0	0	0	0	0	0	0	1	0	0	0	0	0	0	0
/input/pagecontent/phq-15.md	3030	-	-	-	0	0	0	0	0	0	0	0	0	0	0	0	0	0	0	0	0	0	0	0	0	0	0	0	0	0
/input/pagecontent/eortc-qlq-c30.md	4307	-	-	-	0	0	0	0	0	0	0	0	0	0	0	0	0	0	0	0	0	0	1	0	0	0	0	0	0	0
/input/pagecontent/bdi-ii.md	1774	-	-	-	0	0	0	0	0	0	0	0	0	0	0	0	0	0	0	0	0	0	0	0	0	0	0	0	0	0
/input/pagecontent/promis-29.md	4565	-	-	-	0	0	0	0	0	0	0	0	0	0	0	0	0	0	0	0	0	0	1	0	0	0	0	0	0	0
/input/pagecontent/domain-based-scoring.md	18166	-	-	-	0	0	0	0	0	0	0	0	0	0	0	0	0	0	0	0	0	0	2	0	0	0	0	0	0	0
/input/pagecontent/changes.md	24963	-	-	-	0	0	0	0	0	0	0	0	0	0	0	0	0	0	0	0	0	0	2	0	0	0	0	0	0	0
/input/pagecontent/module-description.md	4293	-	-	-	0	0	0	0	0	0	0	0	0	0	0	0	0	0	0	0	0	0	0	0	0	0	0	0	0	0
/input/pagecontent/pc-ptsd.md	3097	-	-	-	0	0	0	0	0	0	0	0	0	0	0	0	0	0	0	0	0	0	1	0	0	0	0	0	0	0
/input/pagecontent/promis-depression.md	8513	-	-	-	0	0	0	0	0	0	0	0	0	0	0	0	0	0	0	0	0	0	0	0	0	0	0	0	0	0
/input/pagecontent/isr-z.md	3005	-	-	-	0	0	0	0	0	0	0	0	0	0	0	0	0	0	0	0	0	0	0	0	0	0	0	0	0	0
/input/pagecontent/scoff.md	3434	-	-	-	0	0	0	0	0	0	0	0	0	0	0	0	0	0	0	0	0	0	1	0	0	0	0	0	0	0
/input/pagecontent/references.md	606	-	-	-	0	0	0	0	0	0	0	0	0	0	0	0	0	0	0	0	0	0	0	0	0	0	0	0	0	0
/input/pagecontent/eq-5d-5l-scores.md	4282	-	-	-	0	0	0	0	0	0	0	0	0	0	0	0	0	0	0	0	0	0	1	0	0	0	0	0	0	0
/input/pagecontent/domains.md	12114	-	-	-	0	0	0	0	0	0	0	0	0	0	0	0	0	0	0	0	0	0	0	0	0	0	0	0	0	0
/input/pagecontent/index.md	3553	-	-	-	0	0	0	0	0	0	0	0	0	0	0	0	0	0	0	0	0	0	1	0	0	0	0	0	0	0
/input/pagecontent/pro-library.md	6660	-	-	-	0	0	0	0	0	0	0	0	0	0	0	0	0	0	0	0	0	0	0	0	0	0	0	0	0	0
/input/pagecontent/project-context.md	2860	-	-	-	0	0	0	0	0	0	0	0	0	0	0	0	0	0	0	0	0	0	0	0	0	0	0	0	0	0
/input/pagecontent/cross-instrument-mappings.md	7357	-	-	-	0	0	0	0	0	0	0	0	0	0	0	0	0	0	0	0	0	0	1	0	0	0	0	0	0	0
/input/pagecontent/eortc-qlq-c30-scoring.md	7308	-	-	-	0	0	0	0	0	0	0	0	0	0	0	0	0	0	0	0	0	0	0	0	0	0	0	0	0	0
/input/pagecontent/translationinfo.md	844	-	-	-	0	0	0	0	0	0	0	0	0	0	0	0	0	0	0	0	0	0	0	0	0	0	0	0	0	0
/input/pagecontent/workflows.md	10889	-	-	-	0	0	0	0	0	0	0	0	0	0	0	0	0	0	0	0	0	0	1	0	0	0	0	0	0	0
/input/pagecontent/phq-9.md	2972	-	-	-	0	0	0	0	0	0	0	0	0	0	0	0	0	0	0	0	0	0	0	0	0	0	0	0	0	0
/input/pagecontent/questionnaire-capabilities.md	8229	-	-	-	0	0	0	0	0	0	0	0	0	0	0	0	0	0	0	0	0	0	0	0	0	0	0	0	0	0
/input/pagecontent/use-cases.md	7796	-	-	-	0	0	0	0	0	0	0	0	0	0	0	0	0	0	0	0	0	0	1	0	0	0	0	0	0	0
/input/pagecontent/downloads.md	1202	-	-	-	0	0	0	0	0	0	0	0	0	0	0	0	0	0	0	0	0	0	0	0	0	0	0	0	0	0
/input/pagecontent/ssd-12.md	4021	-	-	-	0	0	0	0	0	0	0	0	0	0	0	0	0	0	0	0	0	0	0	0	0	0	0	0	0	0
/input/pagecontent/proms-onkologisches-basisscreening.md	5758	-	-	-	0	0	0	0	0	0	0	0	0	0	0	0	0	0	0	0	0	0	1	0	0	0	0	0	0	0
/input/pagecontent/validation.md	6258	-	-	-	0	0	0	0	0	0	0	0	0	0	0	0	0	0	0	0	0	0	0	0	0	0	0	0	0	0
/input/pagecontent/eq-5d-5l.md	9896	-	-	-	0	0	0	0	0	0	0	0	0	0	0	0	0	0	0	0	0	0	1	0	0	0	0	0	0	0
/input/pagecontent/whodas.md	3837	-	-	-	0	0	0	0	0	0	0	0	0	0	0	0	0	0	0	0	0	0	0	0	0	0	0	0	0	0
/input/pagecontent/midos2.md	5516	-	-	-	0	0	0	0	0	0	0	0	0	0	0	0	0	0	0	0	0	0	0	0	0	0	0	0	0	0
/input/pagecontent/id-systematics.md	13875	-	-	-	0	0	0	0	0	0	0	0	0	0	0	0	0	0	0	0	0	0	1	0	0	0	0	0	0	0
/input/pagecontent/euronet-soma.md	3423	-	-	-	0	0	0	0	0	0	0	0	0	0	0	0	0	0	0	0	0	0	1	0	0	0	0	0	0	0
/input/pagecontent/scoring.md	9719	-	-	-	0	0	0	0	0	0	0	0	0	0	0	0	0	0	0	0	0	0	0	0	0	0	0	0	0	0
/input/pagecontent/technical-implementation.md	1129	-	-	-	0	0	0	0	0	0	0	0	0	0	0	0	0	0	0	0	0	0	1	0	0	0	0	0	0	0
/input/pagecontent/minimal-reference-questionnaires.md	2417	-	-	-	0	0	0	0	0	0	0	0	0	0	0	0	0	0	0	0	0	0	0	0	0	0	0	0	0	0
/input/pagecontent/terminology-strategies.md	9502	-	-	-	0	0	0	0	0	0	0	0	0	0	0	0	0	0	0	0	0	0	1	0	0	0	0	0	0	0
/input/pagecontent/wi-7.md	3327	-	-	-	0	0	0	0	0	0	0	0	0	0	0	0	0	0	0	0	0	0	0	0	0	0	0	0	0	0
/input/pagecontent/datasets-and-descriptions.md	2652	-	-	-	0	0	0	0	0	0	0	0	0	0	0	0	0	0	0	0	0	0	1	0	0	0	0	0	0	0
/input/pagecontent/uml-diagrams.md	4582	-	-	-	0	0	0	0	0	0	0	0	0	0	0	0	0	0	0	0	0	0	0	0	0	0	0	0	0	0
/input/pagecontent/derived-metrics.md	484	-	-	-	0	0	0	0	0	0	0	0	0	0	0	0	0	0	0	0	0	0	1	0	0	0	0	0	0	0
/input/pagecontent/promis-16.md	6977	-	-	-	0	0	0	0	0	0	0	0	0	0	0	0	0	0	0	0	0	0	0	0	0	0	0	0	0	0
/template/config	0	-	-	-	0	0	0	0	0	0	0	0	0	0	0	0	0	0	0	0	0	0	0	0	0	0	0	0	0	0
/template/config/_config.yml	140	-	-	-	0	0	0	0	0	0	0	0	0	0	0	0	0	0	0	0	0	0	1	0	0	0	0	0	0	0
/temp/pages/_includes/artifacts.xml	138828	-	-	-	-	-	-	-	-	-	-	-	-	-	-	-	-	-	-	-	-	-	4	0	0	0	0	0	0	0
